topic 0,topic 1,topic 2,topic 3,topic 4,topic 5,topic 6,topic 7,topic 8,topic 9,topic 10,topic 11,topic 12,topic 13,topic 14,topic 15,topic 16,topic 17,topic 18,topic 19,topic 20,topic 21,topic 22,topic 23,topic 24,topic 25,topic 26,topic 27,topic 28,topic 29,
android,screen,issu,laptop,good,ipad,time,asus,camera,product,usb,screen,video,return,batteri,thing,time,samsung,love,kindl,bought,price,custom,devic,keyboard,app,pen,wifi,fast,game,
 system, speaker, updat, read, qualiti, appl, screen, screen, pictur, purchas, card, touch, flash, order, charg, buy, unit, galaxi, great, fire, money, slow, servic, user, window, googl, write, connect, display, play,
 os, sound, problem, app, great, mini, review, case, front, disappoint, sd, respons, watch, amazon, life, better, turn, tab, easi, amazon, buy, expect, support, time, bluetooth, store, app, soni, processor, great,
 oper, button, crash, type, nice, air, flash, tf300, price, buy, port, time, support, item, hour, lot, problem, best, awesom, hdx, christma, bad, call, function, dock, download, featur, network, great, movi,
 upgrad, feel, review, comput, price, iphon, best, crack, face, recommend, memori, nice, archo, ship, charger, find, day, phone, perfect, read, kid, cheap, warranti, experi, microsoft, play, stylus, internet, price, netflix,
 crash, load, today, typic, stay, storag, portabl, three, usag, brought, cloud, lock, googl, dead, deal, softwar, error, three, cost, appreci, better, person, newegg, display, experi, email, movi, consid, mind, worth,
screen,issu,laptop,good,ipad,time,asus,camera,product,usb,screen,video,return,batteri,thing,time,samsung,love,kindl,bought,price,custom,devic,keyboard,app,pen,wifi,fast,game,android,




topic 0,topic 1,topic 2,topic 3,topic 4,topic 5,topic 6,topic 7,topic 8,topic 9,topic 10,topic 11,topic 12,topic 13,topic 14,topic 15,topic 16,topic 17,topic 18,topic 19,topic 20,topic 21,topic 22,topic 23,topic 24,topic 25,topic 26,topic 27,topic 28,topic 29,
batteri,app,screen,ipad,android,price,screen,app,kindl,read,pen,app,love,card,ipad,card,ipad,camera,custom,screen,wifi,screen,window,keyboard,charg,charg,app,return,screen,money,
 life, play, great, laptop, speaker, great, button, samsung, fire, book, write, set, samsung, sd, appl, sd, appl, screen, support, case, connect, thing, updat, usb, usb, batteri, android, product, touch, bought,
 keyboard, video, good, devic, good, good, ipad, android, hdx, app, app, devic, galaxi, memori, android, memori, product, qualiti, servic, crack, devic, nice, problem, bluetooth, charger, hour, download, amazon, time, buy,
 great, game, nice, video, sound, product, read, pen, amazon, kindl, review, android, bought, usb, devic, screen, buy, good, call, drop, network, charg, issu, connect, port, turn, googl, ship, slow, christma,
 screen, watch, size, web, qualiti, expect, view, screen, love, game, stylus, easi, purchas, storag, screen, ram, purchas, speaker, asus, asus, problem, power, devic, devic, power, day, time, item, respons, wast,
 replac, open, materi, reader, size, die, interact, tap, abil, better, color, direct, model, box, thrive, plenti, bit, hold, check, leather, excel, mini, major, set, lack, terribl, clear, surpris, middl, open,
app,screen,ipad,android,price,screen,app,kindl,read,pen,set,love,card,ipad,card,ipad,camera,custom,screen,wifi,screen,window,keyboard,charg,batteri,app,return,screen,money,batteri,




topic 0,topic 1,topic 2,topic 3,topic 4,topic 5,topic 6,topic 7,topic 8,topic 9,topic 10,topic 11,topic 12,topic 13,topic 14,topic 15,topic 16,topic 17,topic 18,topic 19,topic 20,topic 21,topic 22,topic 23,topic 24,topic 25,topic 26,topic 27,topic 28,topic 29,
good,keyboard,android,app,price,kindl,buy,return,product,ipad,card,ipad,screen,batteri,app,bought,screen,screen,great,usb,case,camera,ipad,app,connect,screen,read,fast,app,window,
 nice, dock, app, ipad, good, fire, money, ship, custom, product, sd, appl, time, charg, review, christma, keyboard, good, price, charg, nice, screen, speaker, play, wifi, feel, game, great, video, month,
 screen, batteri, updat, samsung, bad, hdx, ipad, day, asus, appl, memori, android, touch, life, ipad, gift, write, display, love, port, connect, pictur, sound, googl, button, plastic, book, processor, card, problem,
 camera, screen, samsung, devic, time, love, appl, repair, servic, review, storag, problem, app, hour, crash, great, pen, great, screen, charger, wifi, video, expect, video, time, cheap, watch, game, file, time,
 buy, laptop, galaxi, galaxi, qualiti, amazon, wast, amazon, support, samsung, slot, system, slow, day, devic, love, app, bright, ipad, power, camera, front, better, download, power, scratch, play, batteri, memori, warranti,
 complet, amaz, allow, improv, minor, watch, problem, knew, case, spec, load, bad, proper, flight, amazon, figur, smaller, day, honest, hardwar, unit, portrait, meet, reader, weak, impress, occasion, boot, number, coupl,
keyboard,android,ipad,price,kindl,buy,return,product,ipad,card,ipad,screen,batteri,app,bought,screen,good,price,usb,case,screen,ipad,app,connect,screen,read,fast,app,window,good,




topic 0,topic 1,topic 2,topic 3,topic 4,topic 5,topic 6,topic 7,topic 8,topic 9,topic 10,topic 11,topic 12,topic 13,topic 14,topic 15,topic 16,topic 17,topic 18,topic 19,topic 20,topic 21,topic 22,topic 23,topic 24,topic 25,topic 26,topic 27,topic 28,topic 29,
card,ipad,game,android,money,screen,kindl,great,android,great,ipad,keyboard,screen,ipad,batteri,card,asus,charg,ipad,screen,screen,amazon,support,app,love,app,usb,screen,screen,batteri,
sd,price,play,great,bought,great,fire,product,app,bought,app,window,good,product,life,sd,price,turn,great,app,crack,return,custom,time,ipad,devic,charg,speaker,app,life,
screen,appl,app,good,christma,good,hdx,price,updat,good,screen,good,great,good,good,memori,ipad,batteri,product,good,good,product,call,problem,product,video,port,camera,ipad,charg,
great,great,great,screen,product,product,love,good,good,love,android,usb,fast,great,hour,app,samsung,screen,app,product,drop,purchas,servic,connect,great,amazon,cabl,button,good,hour,
processor,better,watch,product,time,ipad,read,time,great,kid,devic,screen,batteri,wifi,charg,storag,good,time,good,time,case,day,problem,screen,bought,android,charger,time,time,time,
compar,expens,review,stuff,niec,gorilla,model,cost,program,feel,camera,issu,built,verizon,softwar,best,choic,kindl,order,replac,find,turn,depart,bit,size,love,pc,imag,fact,big,
ipad,game,android,money,screen,kindl,great,android,bought,ipad,keyboard,great,ipad,batteri,card,asus,charg,ipad,screen,crack,amazon,support,app,love,app,usb,screen,app,batteri,card,




